[
  {
    "id": "234443234",
    "name": "32432432",
    "phase": "424",
    "comments": "23424",
    "startDate": "2024-07-18",
    "endDate": "2024-07-20",
    "weight": "10",
    "budget": "",
    "employees": [
      "Nurdaulet Zhumabekov"
    ],
    "status": "Запрос",
    "dependencies": [],
    "goals": [
      {
        "name": "23423",
        "deadline": "2024-07-19",
        "selected": true,
        "status": "Выполнено",
        "rating": "4",
        "customerRating": "5"
      },
      {
        "name": "wqeqwrwq",
        "deadline": "2024-07-11",
        "selected": false,
        "status": "Выполнено",
        "rating": 0,
        "customerRating": "Нет"
      }
    ],
    "type": "generation"
  }
]