[
  {
    "id": "432433222",
    "name": "32222222412",
    "comments": "kommentaryy",
    "deadline": "2024-07-26",
    "weight": "10",
    "rating": 0,
    "employees": [
      "Nurdaulet Zhumabekov"
    ],
    "products": [
      {
        "name": "",
        "cost": ""
      }
    ],
    "status": "Запрос",
    "goals": [
      {
        "name": "goall2",
        "deadline": "2024-07-26",
        "status": "Ожидание Оплаты",
        "rating": "8",
        "customerRating": "8"
      }
    ],
    "dependencies": [
      "444233339"
    ],
    "finalCompletionDate": ""
  },
  {
    "id": "124222144",
    "name": "выавдыд",
    "comments": "ыфавылб",
    "deadline": "2024-07-15",
    "weight": "10",
    "rating": 0,
    "employees": [
      "Аскар Даукенов"
    ],
    "products": [
      {
        "name": "",
        "cost": ""
      }
    ],
    "status": "Запрос",
    "goals": [
      {
        "name": "фывыдфд",
        "deadline": "2024-08-01",
        "status": "Выполнено",
        "rating": "9",
        "customerRating": "7",
        "selected": true
      },
      {
        "name": "выдавыд",
        "deadline": "2024-07-12",
        "status": "Ожидание",
        "rating": 0,
        "customerRating": "Нет",
        "selected": false
      }
    ],
    "dependencies": [
      "343499998"
    ]
  }
]