[
  {
    "id": "332422222",
    "name": "424",
    "phase": "42",
    "comments": "24tf",
    "startDate": "2024-07-18",
    "endDate": "2024-07-19",
    "weight": "10",
    "employees": [
      "Nurdaulet Zhumabekov"
    ],
    "status": "Запрос",
    "dependencies": [],
    "goals": [
      {
        "name": "goaldsd2",
        "deadline": "2024-07-05",
        "selected": true,
        "status": "Ожидание",
        "rating": "0",
        "customerRating": "Нет"
      },
      {
        "name": "gesdlf1",
        "deadline": "2024-07-11",
        "selected": false,
        "status": "Ожидание согласования договора",
        "rating": 0,
        "customerRating": "Нет"
      }
    ],
    "type": "realization"
  }
]